{
  "project" : {
    "id" : "bot_dlya_faq-1000013-sFI",
    "name" : "bot_dlya_faq-1000013-sFI",
    "folder" : "/platform"
  },
  "settings" : {
    "language" : "ru",
    "spellingCorrection" : false,
    "classificationAlgorithm" : "deeplearning",
    "timezone" : "UTC+05:00",
    "extendedSettings" : {
      "classificationAlgorithmVersion" : 1.0,
      "tokenizerEngine" : "mystem",
      "useShared" : false
    },
    "shared" : false,
    "validation" : {
      "phraseValidationEnabled" : true,
      "answerValidationEnabled" : true,
      "phraseValidationThreshold" : 0.5,
      "answerValidationThreshold" : 0.8
    }
  },
  "intents" : [{"id":145177,"path":"/WantsToKnowAboutAlseco","enabled":true,"shared":false,"phrases":[{"text":"хочу узнать о алсеко"},{"text":"расскажи о алсеко"}],"classificationRules":{"refs":[]},"patterns":[],"priority":0},{"id":145178,"path":"/ChangeLanguage","enabled":true,"shared":false,"phrases":[{"text":"Қазақша"},{"text":"Русский"},{"text":"қазақша"},{"text":"русский"},{"text":"казахский"},{"text":"орысша"}],"classificationRules":{"refs":[]},"patterns":[],"priority":0},{"id":145179,"path":"/WantsToAskAboutBot","enabled":true,"shared":false,"phrases":[{"text":"хочу узнать про бота"},{"text":"расскажи о боте"},{"text":"информация о боте"},{"text":"расскажи о инаре"},{"text":"инара бот"},{"text":"инара бот туралы айтып берші"},{"text":"инара туралы айтып берші"},{"text":"бот туралы айтып берші"},{"text":"бот туралы информация"},{"text":"инара туралы информация"}],"classificationRules":{"refs":[]},"patterns":[],"slots":[],"priority":0},{"id":145180,"path":"/Back","enabled":true,"shared":false,"phrases":[{"text":"Назад"},{"text":"Артқа"},{"text":"артқа"},{"text":"назад"}],"classificationRules":{"refs":[]},"patterns":[],"priority":0}],
  "entities" : [ ],
  "enabledSystemEntities" : [ "duckling.number", "duckling.time", "duckling.duration", "duckling.phone-number", "duckling.email", "duckling.url" ],
  "spellerDictionary" : [ ],
  "systemEntities" : [ {
    "name" : "mystem.geo",
    "enabled" : false
  }, {
    "name" : "mystem.persn",
    "enabled" : false
  }, {
    "name" : "mystem.obsc",
    "enabled" : false
  }, {
    "name" : "mystem.patrn",
    "enabled" : false
  }, {
    "name" : "mystem.famn",
    "enabled" : false
  }, {
    "name" : "pymorphy.romn",
    "enabled" : false
  }, {
    "name" : "pymorphy.latn",
    "enabled" : false
  }, {
    "name" : "pymorphy.numb",
    "enabled" : false
  }, {
    "name" : "pymorphy.intg",
    "enabled" : false
  }, {
    "name" : "pymorphy.abbr",
    "enabled" : false
  }, {
    "name" : "pymorphy.name",
    "enabled" : false
  }, {
    "name" : "pymorphy.surn",
    "enabled" : false
  }, {
    "name" : "pymorphy.patr",
    "enabled" : false
  }, {
    "name" : "pymorphy.geox",
    "enabled" : false
  }, {
    "name" : "pymorphy.orgn",
    "enabled" : false
  }, {
    "name" : "duckling.number",
    "version" : "v2",
    "enabled" : true
  }, {
    "name" : "duckling.ordinal",
    "version" : "v2",
    "enabled" : false
  }, {
    "name" : "duckling.amount-of-money",
    "version" : "v2",
    "enabled" : false
  }, {
    "name" : "duckling.distance",
    "version" : "v2",
    "enabled" : false
  }, {
    "name" : "duckling.time",
    "version" : "v2",
    "enabled" : true
  }, {
    "name" : "duckling.date",
    "version" : "v2",
    "enabled" : false
  }, {
    "name" : "duckling.time-of-day",
    "version" : "v2",
    "enabled" : false
  }, {
    "name" : "duckling.duration",
    "version" : "v2",
    "enabled" : true
  }, {
    "name" : "duckling.phone-number",
    "version" : "v2",
    "enabled" : true
  }, {
    "name" : "duckling.email",
    "version" : "v2",
    "enabled" : true
  }, {
    "name" : "duckling.url",
    "version" : "v2",
    "enabled" : true
  }, {
    "name" : "duckling.interval",
    "version" : "v2",
    "enabled" : false
  }, {
    "name" : "mlps-obscene.obscene",
    "enabled" : false
  }, {
    "name" : "zb.datetime",
    "enabled" : false
  }, {
    "name" : "zb.number",
    "enabled" : false
  } ],
  "faq" : [ ],
  "skills" : [ ]
}